id,provision,resumen_skill,actor,clase,aplicabilidad,estado_implementacion,hechos_del_caso,evidencia,riesgo_residual,clasificacion_claim,responsable,revisado_utc,proxima_revision
L19628-A1,Ley 19.628 art. 1,"Objeto, ámbito material y exclusiones",all,APPLICABILITY_GATE,APLICA,DOCUMENTADO_SIN_IMPLEMENTAR,Revela trata datos personales de personas de contacto de empresas cliente (leads) y de usuarios del CRM. No hay excepción aplicable.,docs/cumplimiento/revela-2026-09/SCOPE.md,Falta declarar el ámbito en la política pública.,DERIVED_CONTROL,Yair Costa (Revela),2026-09-24T00:20:00Z,2026-10-24
L19628-A1BIS,Ley 19.628 art. 1 bis,Ámbito territorial,all,APPLICABILITY_GATE,APLICA,DOCUMENTADO_SIN_IMPLEMENTAR,Responsable domiciliado en Chile; titulares en Chile y Perú. Tratamiento en la nube fuera de Chile (pendiente de elegir región).,docs/cumplimiento/revela-2026-09/role-matrix.csv,Perú aplica además su propia ley; no evaluada en este expediente.,REQUIERE_CRITERIO_JURIDICO,Yair Costa (Revela),2026-09-24T00:20:00Z,2026-10-24
L19628-A2,Ley 19.628 art. 2,Definiciones legales,all,VOCABULARY_GATE,APLICA,CODIGO_NO_DESPLEGADO,Diccionario de datos del CRM definido en el código y en docs/BASE_DE_DATOS.md; distingue datos de la empresa cliente y de la persona de contacto.,src/types/crm.ts; docs/BASE_DE_DATOS.md,Falta marcar explícitamente qué campos son datos personales.,DERIVED_CONTROL,Yair Costa (Revela),2026-09-24T00:20:00Z,2026-10-24
L19628-A3,Ley 19.628 art. 3,Principios de tratamiento,controller_and_processor_as_applicable,SYSTEM_GOVERNANCE,APLICA,CODIGO_NO_DESPLEGADO,Principios cubiertos parcialmente: finalidad y minimización por diseño; seguridad por aislamiento; responsabilidad por auditoría inalterable. Sin transparencia publicada ni base declarada por finalidad.,src/lib/tenantGuards.ts; src/lib/audit.ts; scripts/test-tenant-isolation.mts,"Licitud, lealtad y transparencia no acreditadas: no hay aviso ni base registrada.",DERIVED_CONTROL,Yair Costa (Revela),2026-09-24T00:20:00Z,2026-10-24
L19628-A4,Ley 19.628 art. 4,"Derechos del titular: acceso, rectificación, supresión, oposición, portabilidad y bloqueo; carácter personal, intransferible e irrenunciable",controller_and_data_subject,RIGHTS_WORKFLOW,APLICA,CODIGO_NO_DESPLEGADO,"El producto permite ejercer acceso, rectificación, supresión, oposición, bloqueo y portabilidad. Quien atiende al titular (usuario base) registra la solicitud desde Registro de contacto; solo el gerente la resuelve. Falta el canal público para que el titular los pida directamente.",src/lib/privacy.ts; src/components/PrivacyRequestModal.tsx; test:tenant (8 pruebas); e2e: 'El usuario base registra la solicitud del titular',"Sin canal publicado, el titular depende de avisarle a la empresa cliente.",DERIVED_CONTROL,Yair Costa (Revela),2026-09-24T00:20:00Z,2026-10-24
L19628-A5,Ley 19.628 art. 5,Derecho de acceso,controller,RIGHTS_WORKFLOW,APLICA,CODIGO_NO_DESPLEGADO,"Informe por titular implementado: un archivo con sus datos, el origen, su autorización y todas las interacciones registradas. La descarga queda en la auditoría.",src/lib/subjectExport.ts; e2e: descarga desde Gerencia > Contactos,Falta registrar la solicitud que lo origina y el plazo de respuesta.,DERIVED_CONTROL,Yair Costa (Revela),2026-09-24T00:20:00Z,2026-10-24
L19628-A6,Ley 19.628 art. 6,Derecho de rectificación y comunicación de la rectificación,controller,RIGHTS_WORKFLOW,APLICA,CODIGO_NO_DESPLEGADO,Rectificación disponible: toda ficha es editable y el cambio queda en la auditoría. Falta comunicar la rectificación a terceros a quienes se hayan cedido datos (hoy no hay cesiones).,src/components/ManagerModule.tsx; src/lib/audit.ts,Falta registrar la solicitud que originó la corrección.,DERIVED_CONTROL,Yair Costa (Revela),2026-09-24T00:20:00Z,2026-10-24
L19628-A7,Ley 19.628 art. 7,Derecho de supresión y excepciones,controller,RIGHTS_WORKFLOW,APLICA,CODIGO_NO_DESPLEGADO,"Supresión implementada como anonimización aprobada por el gerente: se borran nombre, cargo, email, teléfono, dirección, coordenadas, notas, otros contactos y la bitácora de esa persona; se conserva la zona y la operación comercial. El historial de auditoría nunca guarda valores personales (opción A, 25-09-2026), así que no quedan copias. Revertir no re-identifica ni devuelve consentimientos revocados.",src/lib/privacy.ts (anonymizeLead); test:tenant; e2e: 'Aprobar la solicitud borra los datos personales',Falta el plazo de conservación que dispare la anonimización automática.,DERIVED_CONTROL,Yair Costa (Revela),2026-09-24T00:20:00Z,2026-10-24
L19628-A8,Ley 19.628 art. 8,Derecho de oposición,controller,RIGHTS_WORKFLOW,APLICA,CODIGO_NO_DESPLEGADO,"Oposición implementada: el lead marcado como 'no contactar' sale de la agenda, del selector de registro de contacto y del asistente de IA. Lo mismo ocurre si el titular no autoriza o revoca.",src/lib/privacy.ts (canContact); src/lib/agenda.ts; src/App.tsx (asistente); test:tenant; e2e,Falta el canal por el que el propio titular manifieste la oposición.,DERIVED_CONTROL,Yair Costa (Revela),2026-09-24T00:20:00Z,2026-10-24
L19628-A8BIS,Ley 19.628 art. 8 bis,Decisiones individuales automatizadas y elaboración de perfiles,controller,AUTOMATED_DECISION_WORKFLOW,APLICA_MONITOREO,DOCUMENTADO_SIN_IMPLEMENTAR,"El asistente de IA sugiere y ejecuta acciones bajo confirmación humana; no produce decisiones con efectos jurídicos ni evaluación de perfiles del titular. Coincidencia difusa de nombres = asistencia, no decisión.",src/lib/aiLeadMatch.ts; docs/SEGURIDAD.md,"Si se agregara scoring automático de leads, la disposición pasa a aplicar de lleno.",CONSERVATIVE_POLICY,Yair Costa (Revela),2026-09-24T00:20:00Z,2026-10-24
L19628-A8TER,Ley 19.628 art. 8 ter,Derecho de bloqueo temporal del tratamiento,controller,RIGHTS_WORKFLOW,APLICA,CODIGO_NO_DESPLEGADO,"Bloqueo implementado en los guards desde el 25-09-2026: con la solicitud pendiente el lead no se edita (sanitizeLeadUpdate), no se mueve de etapa (canMoveLeadStage) ni se registra contacto (canRegisterActivity); tampoco aparece en agenda, asistente ni selector. CORRECCIÓN: la versión del 24-09-2026 lo declaró implementado pero solo existía en pantalla (AC-02).","src/lib/tenantGuards.ts; test:tenant 'Bloqueo: el guard rechaza...'; e2e 'En el Pipeline, el lead bloqueado...'",Queda por replicarlo en RLS/trigger al migrar la base.,DERIVED_CONTROL,Yair Costa (Revela),2026-09-24T00:20:00Z,2026-10-24
L19628-A9,Ley 19.628 art. 9,Portabilidad de datos,controller,RIGHTS_WORKFLOW,APLICA,CODIGO_NO_DESPLEGADO,"Portabilidad cubierta en dos niveles: exportación del CRM completo y, desde ahora, informe individual del titular en formato estructurado y reutilizable.",src/lib/subjectExport.ts; src/lib/tenantExport.ts; scripts/test-tenant-export.mts,Falta entregar el informe por un canal autenticado.,DERIVED_CONTROL,Yair Costa (Revela),2026-09-24T00:20:00Z,2026-10-24
L19628-A10,Ley 19.628 art. 10,Reglas comunes y mecanismos para ejercer derechos,controller,RIGHTS_WORKFLOW,APLICA,NO_IMPLEMENTADO,"No hay mecanismo gratuito, expedito y permanente para ejercer derechos ni dirección de contacto publicada.",,Alto.,DERIVED_CONTROL,Yair Costa (Revela),2026-09-24T00:20:00Z,2026-10-24
L19628-A11,Ley 19.628 art. 11,"Procedimiento, plazos, respuesta, bloqueo y propagación",controller,RIGHTS_WORKFLOW,APLICA,NO_IMPLEMENTADO,"Sin procedimiento, sin plazos, sin autenticación del solicitante y sin propagación a copias ni respaldos.",,Alto: el artículo exige autenticar la solicitud según modalidades de la Agencia.,TEXTUAL_MANDATE,Yair Costa (Revela),2026-09-24T00:20:00Z,2026-10-24
L19628-A12,Ley 19.628 art. 12,Consentimiento y revocación,controller,SYSTEM_GOVERNANCE,APLICA,CODIGO_NO_DESPLEGADO,"La captura exige, sin opción por defecto, el origen del dato y la base para guardarlo (pidió cotización, autorizó, prospecto o no autoriza), con fecha y auditoría. El prospecto se informa en el primer contacto y el vendedor debe registrar su respuesta; si nadie lo contacta en 30 días se anonimiza solo. El asistente de IA solo registra datos de empresa. No se obligó a consentir: el consentimiento es una base entre varias.",src/components/LeadCaptureModal.tsx; src/lib/privacy.ts; src/lib/audit.ts; e2e: 'La captura pide el origen del dato',El texto del aviso al titular y la base jurídica siguen pendientes de revisión legal.,DERIVED_CONTROL,Yair Costa (Revela),2026-09-24T00:20:00Z,2026-10-24
L19628-A13,Ley 19.628 art. 13,Otras fuentes de licitud,controller,LEGAL_BASIS_GATE,APLICA,REQUIERE_CRITERIO_JURIDICO,"El tratamiento comercial B2B podría apoyarse en interés legítimo o en la ejecución de un contrato, pero no está analizado por finalidad ni documentado.",docs/cumplimiento/revela-2026-09/surface-purpose-basis.csv,"La base debe decidirla un abogado, no el software.",DERIVED_CONTROL,Yair Costa (Revela),2026-09-24T00:20:00Z,2026-10-24
L19628-A14,Ley 19.628 art. 14,Obligaciones generales del responsable,controller,SYSTEM_GOVERNANCE,APLICA,DOCUMENTADO_SIN_IMPLEMENTAR,"Deberes cubiertos en parte por diseño (seguridad, trazabilidad, separación de funciones entre quien pide y quien resuelve) y documentados en docs/ y en el expediente, sin registro de tratamiento aprobado formalmente ni responsable designado.",docs/LEY_21719.md; docs/cumplimiento/revela-2026-09/rat.csv,Falta aprobar el RAT y fijar su revisión periódica.,DERIVED_CONTROL,Yair Costa (Revela),2026-09-24T00:20:00Z,2026-10-24
L19628-A14BIS,Ley 19.628 art. 14 bis,Secreto y confidencialidad,controller_processor_people,SECURITY_GOVERNANCE,APLICA,CODIGO_NO_DESPLEGADO,"Secreto sostenido por aislamiento entre CRMs, roles y ausencia de contraseñas en auditoría y exportación. Verificado con 43 pruebas de aislamiento y 86 punta a punta en desarrollo.",src/lib/tenantGuards.ts; src/lib/passwords.ts; scripts/e2e-tenant-isolation.mjs,Falta el deber de secreto por escrito para quien opere la plataforma.,DERIVED_CONTROL,Yair Costa (Revela),2026-09-24T00:20:00Z,2026-10-24
L19628-A14TER,Ley 19.628 art. 14 ter,Información y transparencia pública permanente,controller,PUBLIC_TRANSPARENCY,APLICA,NO_IMPLEMENTADO,"No hay política de privacidad publicada ni información permanente sobre tratamientos, finalidades ni canal de derechos.",,Alto: es exigible de forma permanente y pública.,DERIVED_CONTROL,Yair Costa (Revela),2026-09-24T00:20:00Z,2026-10-24
L19628-A14QUATER,Ley 19.628 art. 14 quáter,Protección de datos desde el diseño y por defecto,controller,ENGINEERING_GATE,APLICA,CODIGO_NO_DESPLEGADO,"Privacidad desde el diseño acreditada en parte: aislamiento por defecto, mínimo privilegio, IA sin acceso a email ni teléfono, administrador fuera del paquete publicado.",src/lib/aiSafety.ts; src/App.tsx; dist/ (build verificado),Por defecto todavía se capturan todos los campos aunque no sean necesarios.,DERIVED_CONTROL,Yair Costa (Revela),2026-09-24T00:20:00Z,2026-10-24
L19628-A14QUINQUIES,Ley 19.628 art. 14 quinquies,Medidas de seguridad basadas en riesgo y acreditación de funcionamiento,controller,SECURITY_TESTING,APLICA,CONFIGURADO_NO_PROBADO,"Medidas técnicas existen en el código y en las migraciones (RLS, triggers, roles). No hay ambiente productivo donde acreditar su funcionamiento.",supabase/migrations/; scripts/test-migrations.mjs,El funcionamiento real solo se acredita tras el despliegue.,DERIVED_CONTROL,Yair Costa (Revela),2026-09-24T00:20:00Z,2026-10-24
L19628-A14SEXIES,Ley 19.628 art. 14 sexies,Registro y reporte de vulneraciones de seguridad,controller_processor_as_applicable,INCIDENT_WORKFLOW,APLICA,DOCUMENTADO_SIN_IMPLEMENTAR,"Procedimiento de brechas escrito en docs/LEY_21719.md. No hay registro de incidentes, ni canal, ni responsable, ni prueba.",docs/LEY_21719.md,Alto: el plazo corre desde que se conoce la vulneración.,DERIVED_CONTROL,Yair Costa (Revela),2026-09-24T00:20:00Z,2026-10-24
L19628-A14SEPTIES,Ley 19.628 art. 14 septies,Estándares diferenciados de información y seguridad,controller_processor_as_applicable,RISK_GATE,APLICA,REQUIERE_CRITERIO_JURIDICO,Revela sería empresa de menor tamaño; los estándares diferenciados dependen de criterios de la Agencia aún no dictados.,,Monitorear instrucciones de la Agencia.,DERIVED_CONTROL,Yair Costa (Revela),2026-09-24T00:20:00Z,2026-10-24
L19628-A15,Ley 19.628 art. 15,Cesión de datos personales,controller_recipient,CESSION_WORKFLOW,NO_APLICA,NO_APLICA_JUSTIFICADO,Al corte no hay cesión de datos a terceros: cada CRM queda dentro de su tenant y no se comparten datos entre clientes.,scripts/e2e-tenant-isolation.mjs,"Si se agrega enriquecimiento de datos o venta de bases, la disposición aplica.",DERIVED_CONTROL,Yair Costa (Revela),2026-09-24T00:20:00Z,2026-10-24
L19628-A15BIS,Ley 19.628 art. 15 bis,Tratamiento por mandatario o encargado,controller_processor,VENDOR_WORKFLOW,APLICA,NO_IMPLEMENTADO,"Revela actúa como encargado de las empresas cliente y como contratante de subencargados (Supabase, Google, Esri). No hay contrato de encargo ni instrucciones documentadas.",docs/PAGOS.md,Alto: es el contrato que ordena toda la relación con los clientes.,TEXTUAL_MANDATE,Yair Costa (Revela),2026-09-24T00:20:00Z,2026-10-24
L19628-A15TER,Ley 19.628 art. 15 ter,Evaluación de impacto previa para alto riesgo,controller,DPIA_GATE,APLICA,REQUIERE_CRITERIO_JURIDICO,Hay dos elementos que pueden gatillar evaluación de impacto: geolocalización de contactos y uso de IA sobre datos del CRM.,docs/SEGURIDAD.md,Decidir con criterio jurídico si corresponde EIPD antes del piloto real.,DERIVED_CONTROL,Yair Costa (Revela),2026-09-24T00:20:00Z,2026-10-24
L19628-A16,Ley 19.628 art. 16,Regla general para datos personales sensibles,controller,SPECIAL_DATA_GATE,NO_APLICA,NO_APLICA_JUSTIFICADO,"El modelo de datos no contempla campos sensibles. El indicador 'salud' del escaneo corresponde al rubro de empresas cliente ficticias, no a datos de salud de personas.",docs/cumplimiento/revela-2026-09/triage.md,Control preventivo: no agregar campos libres que induzcan datos sensibles.,DERIVED_CONTROL,Yair Costa (Revela),2026-09-24T00:20:00Z,2026-10-24
L19628-A16BIS,Ley 19.628 art. 16 bis,Datos de salud y perfil biológico humano,controller,SPECIAL_DATA_GATE,NO_APLICA,NO_APLICA_JUSTIFICADO,"No se tratan datos de salud, perfil biológico ni biométricos.",src/types/crm.ts,,DERIVED_CONTROL,Yair Costa (Revela),2026-09-24T00:20:00Z,2026-10-24
L19628-A16TER,Ley 19.628 art. 16 ter,Datos biométricos,controller,SPECIAL_DATA_GATE,NO_APLICA,NO_APLICA_JUSTIFICADO,"No se tratan datos de salud, perfil biológico ni biométricos.",src/types/crm.ts,,DERIVED_CONTROL,Yair Costa (Revela),2026-09-24T00:20:00Z,2026-10-24
L19628-A16QUATER,Ley 19.628 art. 16 quáter,"Datos de niños, niñas y adolescentes",controller_education_and_caregivers_as_applicable,MINORS_GATE,NO_APLICA,NO_APLICA_JUSTIFICADO,"El CRM es B2B y no está dirigido a niños, niñas ni adolescentes.",,Control preventivo: advertirlo en la política.,DERIVED_CONTROL,Yair Costa (Revela),2026-09-24T00:20:00Z,2026-10-24
L19628-A16QUINQUIES,Ley 19.628 art. 16 quinquies,"Fines históricos, estadísticos, científicos y de investigación de interés público",controller,RESEARCH_GATE,NO_APLICA,NO_APLICA_JUSTIFICADO,"No hay tratamiento con fines históricos, estadísticos ni de investigación de interés público.",,,DERIVED_CONTROL,Yair Costa (Revela),2026-09-24T00:20:00Z,2026-10-24
L19628-A16SEXIES,Ley 19.628 art. 16 sexies,Datos de geolocalización,controller,SPECIAL_DATA_GATE,APLICA,REQUIERE_CRITERIO_JURIDICO,El producto geocodifica la dirección del lead y la muestra en un mapa. Para una empresa es dato de contacto; para una persona natural puede constituir geolocalización.,src/lib/geocoding.ts; src/components/GeoStrategicMap.tsx,Alto si se capturan personas naturales: exige informar finalidad y minimizar precisión.,DERIVED_CONTROL,Yair Costa (Revela),2026-09-24T00:20:00Z,2026-10-24
L19628-A17,Ley 19.628 art. 17,"Tratamiento de obligaciones económicas, financieras, bancarias o comerciales",controller_in_scope,CREDIT_DATA_GATE,NO_APLICA,NO_APLICA_JUSTIFICADO,"No se tratan obligaciones económicas impagas ni datos de morosidad. El monto del lead es una oportunidad comercial de la empresa cliente, no una deuda del titular.",src/types/crm.ts,,DERIVED_CONTROL,Yair Costa (Revela),2026-09-24T00:20:00Z,2026-10-24
L19628-A18,Ley 19.628 art. 18,Limitaciones del régimen de obligaciones económicas y su comunicación,controller_in_scope,CREDIT_DATA_GATE,NO_APLICA,NO_APLICA_JUSTIFICADO,"No se tratan obligaciones económicas impagas ni datos de morosidad. El monto del lead es una oportunidad comercial de la empresa cliente, no una deuda del titular.",src/types/crm.ts,,DERIVED_CONTROL,Yair Costa (Revela),2026-09-24T00:20:00Z,2026-10-24
L19628-A19,Ley 19.628 art. 19,Actualización de antecedentes sobre obligaciones pagadas o extinguidas,controller_in_scope,CREDIT_DATA_GATE,NO_APLICA,NO_APLICA_JUSTIFICADO,"No se tratan obligaciones económicas impagas ni datos de morosidad. El monto del lead es una oportunidad comercial de la empresa cliente, no una deuda del titular.",src/types/crm.ts,,DERIVED_CONTROL,Yair Costa (Revela),2026-09-24T00:20:00Z,2026-10-24
L19628-A20,Ley 19.628 art. 20,Licitud del tratamiento por órganos públicos dentro de su competencia,public_body,PUBLIC_BODY_ONLY,NO_APLICA,NO_APLICA_JUSTIFICADO,Revela es una empresa privada; la disposición rige a órganos públicos u órganos constitucionales autónomos.,,"Si un organismo público contratara el CRM, el cliente asume estas obligaciones como responsable.",DERIVED_CONTROL,Yair Costa (Revela),2026-09-24T00:20:00Z,2026-10-24
L19628-A21,Ley 19.628 art. 21,"Principios, derechos y deberes aplicables a órganos públicos",public_body,PUBLIC_BODY_ONLY,NO_APLICA,NO_APLICA_JUSTIFICADO,Revela es una empresa privada; la disposición rige a órganos públicos u órganos constitucionales autónomos.,,"Si un organismo público contratara el CRM, el cliente asume estas obligaciones como responsable.",DERIVED_CONTROL,Yair Costa (Revela),2026-09-24T00:20:00Z,2026-10-24
L19628-A22,Ley 19.628 art. 22,Comunicación de datos por órganos públicos y publicidad de convenios,public_body,PUBLIC_BODY_ONLY,NO_APLICA,NO_APLICA_JUSTIFICADO,Revela es una empresa privada; la disposición rige a órganos públicos u órganos constitucionales autónomos.,,"Si un organismo público contratara el CRM, el cliente asume estas obligaciones como responsable.",DERIVED_CONTROL,Yair Costa (Revela),2026-09-24T00:20:00Z,2026-10-24
L19628-A23,Ley 19.628 art. 23,Ejercicio de derechos ante órganos públicos,public_body,PUBLIC_BODY_ONLY,NO_APLICA,NO_APLICA_JUSTIFICADO,Revela es una empresa privada; la disposición rige a órganos públicos u órganos constitucionales autónomos.,,"Si un organismo público contratara el CRM, el cliente asume estas obligaciones como responsable.",DERIVED_CONTROL,Yair Costa (Revela),2026-09-24T00:20:00Z,2026-10-24
L19628-A24,Ley 19.628 art. 24,Regímenes especiales de solicitud de información,public_body_and_authorized_entities,PUBLIC_BODY_ONLY,NO_APLICA,NO_APLICA_JUSTIFICADO,Revela es una empresa privada; la disposición rige a órganos públicos u órganos constitucionales autónomos.,,"Si un organismo público contratara el CRM, el cliente asume estas obligaciones como responsable.",DERIVED_CONTROL,Yair Costa (Revela),2026-09-24T00:20:00Z,2026-10-24
L19628-A25,Ley 19.628 art. 25,Datos sobre infracciones y sanciones,public_body_and_recipient_as_applicable,OFFENCE_DATA_GATE,NO_APLICA,NO_APLICA_JUSTIFICADO,No se tratan datos de infracciones ni sanciones.,,,DERIVED_CONTROL,Yair Costa (Revela),2026-09-24T00:20:00Z,2026-10-24
L19628-A26,Ley 19.628 art. 26,Regulación complementaria del tratamiento por órganos públicos,public_body_and_executive,PUBLIC_BODY_ONLY,NO_APLICA,NO_APLICA_JUSTIFICADO,Revela es una empresa privada; la disposición rige a órganos públicos u órganos constitucionales autónomos.,,"Si un organismo público contratara el CRM, el cliente asume estas obligaciones como responsable.",DERIVED_CONTROL,Yair Costa (Revela),2026-09-24T00:20:00Z,2026-10-24
L19628-A27,Ley 19.628 art. 27,Supuestos habilitantes para transferencias internacionales,controller_exporter,TRANSFER_GATE,APLICA,NO_IMPLEMENTADO,"Los datos se alojarán en Supabase y se procesan con servicios de Google (Gemini, Places) y Esri, todos fuera de Chile. No hay mecanismo de transferencia documentado ni región elegida.",docs/diagramas/componentes-revela.svg,Alto: es condición previa al despliegue.,TEXTUAL_MANDATE,Yair Costa (Revela),2026-09-24T00:20:00Z,2026-10-24
L19628-A28,Ley 19.628 art. 28,"Adecuación, garantías, instrumentos y autorización para transferencias",controller_exporter_and_agency_as_applicable,TRANSFER_GATE,APLICA,NO_IMPLEMENTADO,"Los datos se alojarán en Supabase y se procesan con servicios de Google (Gemini, Places) y Esri, todos fuera de Chile. No hay mecanismo de transferencia documentado ni región elegida.",docs/diagramas/componentes-revela.svg,Alto: es condición previa al despliegue.,TEXTUAL_MANDATE,Yair Costa (Revela),2026-09-24T00:20:00Z,2026-10-24
L19628-A29,Ley 19.628 art. 29,Fiscalización y suspensión de transferencias,controller_exporter_and_agency,REGULATOR_WORKFLOW,APLICA_MONITOREO,NO_APLICA_JUSTIFICADO,Regula la fiscalización de la Agencia sobre transferencias. Se monitorea; no genera control propio hasta que exista transferencia operativa.,,,DERIVED_CONTROL,Yair Costa (Revela),2026-09-24T00:20:00Z,2026-10-24
L19628-A30,Ley 19.628 art. 30,Creación y objeto de la Agencia,agency,AUTHORITY_ONLY_MONITOR,MONITOREO,NO_APLICA_JUSTIFICADO,"Regula la Agencia, su consejo, su patrimonio o el Estado. No genera obligación para Revela; se monitorea porque define quién fiscaliza y desde cuándo.",references/legal-status.md (Skill),,PENDING_AUTHORITY_RULE,Yair Costa (Revela),2026-09-24T00:20:00Z,2026-10-24
L19628-A30BIS,Ley 19.628 art. 30 bis,Funciones y atribuciones de la Agencia,agency,AUTHORITY_ONLY_MONITOR,MONITOREO,NO_APLICA_JUSTIFICADO,"Regula la Agencia, su consejo, su patrimonio o el Estado. No genera obligación para Revela; se monitorea porque define quién fiscaliza y desde cuándo.",references/legal-status.md (Skill),,PENDING_AUTHORITY_RULE,Yair Costa (Revela),2026-09-24T00:20:00Z,2026-10-24
L19628-A30TER,Ley 19.628 art. 30 ter,Dirección superior de la Agencia,agency,AUTHORITY_ONLY_MONITOR,MONITOREO,NO_APLICA_JUSTIFICADO,"Regula la Agencia, su consejo, su patrimonio o el Estado. No genera obligación para Revela; se monitorea porque define quién fiscaliza y desde cuándo.",references/legal-status.md (Skill),,PENDING_AUTHORITY_RULE,Yair Costa (Revela),2026-09-24T00:20:00Z,2026-10-24
L19628-A30QUATER,Ley 19.628 art. 30 quáter,Integración y funcionamiento del Consejo Directivo,agency_and_state,AUTHORITY_ONLY_MONITOR,MONITOREO,NO_APLICA_JUSTIFICADO,"Regula la Agencia, su consejo, su patrimonio o el Estado. No genera obligación para Revela; se monitorea porque define quién fiscaliza y desde cuándo.",references/legal-status.md (Skill),,PENDING_AUTHORITY_RULE,Yair Costa (Revela),2026-09-24T00:20:00Z,2026-10-24
L19628-A30QUINQUIES,Ley 19.628 art. 30 quinquies,Inhabilidades e incompatibilidades de consejeros,agency_and_councillors,AUTHORITY_ONLY_MONITOR,MONITOREO,NO_APLICA_JUSTIFICADO,"Regula la Agencia, su consejo, su patrimonio o el Estado. No genera obligación para Revela; se monitorea porque define quién fiscaliza y desde cuándo.",references/legal-status.md (Skill),,PENDING_AUTHORITY_RULE,Yair Costa (Revela),2026-09-24T00:20:00Z,2026-10-24
L19628-A30SEXIES,Ley 19.628 art. 30 sexies,Remoción y cesación de consejeros,agency_and_state,AUTHORITY_ONLY_MONITOR,MONITOREO,NO_APLICA_JUSTIFICADO,"Regula la Agencia, su consejo, su patrimonio o el Estado. No genera obligación para Revela; se monitorea porque define quién fiscaliza y desde cuándo.",references/legal-status.md (Skill),,PENDING_AUTHORITY_RULE,Yair Costa (Revela),2026-09-24T00:20:00Z,2026-10-24
L19628-A30SEPTIES,Ley 19.628 art. 30 septies,Remuneración de consejeros,agency_and_state,AUTHORITY_ONLY_MONITOR,MONITOREO,NO_APLICA_JUSTIFICADO,"Regula la Agencia, su consejo, su patrimonio o el Estado. No genera obligación para Revela; se monitorea porque define quién fiscaliza y desde cuándo.",references/legal-status.md (Skill),,PENDING_AUTHORITY_RULE,Yair Costa (Revela),2026-09-24T00:20:00Z,2026-10-24
L19628-A30OCTIES,Ley 19.628 art. 30 octies,Estatutos de la Agencia,agency_and_executive,AUTHORITY_ONLY_MONITOR,MONITOREO,NO_APLICA_JUSTIFICADO,"Regula la Agencia, su consejo, su patrimonio o el Estado. No genera obligación para Revela; se monitorea porque define quién fiscaliza y desde cuándo.",references/legal-status.md (Skill),,PENDING_AUTHORITY_RULE,Yair Costa (Revela),2026-09-24T00:20:00Z,2026-10-24
L19628-A30NONIES,Ley 19.628 art. 30 nonies,Funciones del presidente del Consejo Directivo,agency,AUTHORITY_ONLY_MONITOR,MONITOREO,NO_APLICA_JUSTIFICADO,"Regula la Agencia, su consejo, su patrimonio o el Estado. No genera obligación para Revela; se monitorea porque define quién fiscaliza y desde cuándo.",references/legal-status.md (Skill),,PENDING_AUTHORITY_RULE,Yair Costa (Revela),2026-09-24T00:20:00Z,2026-10-24
L19628-A31,Ley 19.628 art. 31,Coordinación institucional de la Agencia,agency_and_other_authorities,AUTHORITY_ONLY_MONITOR,MONITOREO,NO_APLICA_JUSTIFICADO,"Regula la Agencia, su consejo, su patrimonio o el Estado. No genera obligación para Revela; se monitorea porque define quién fiscaliza y desde cuándo.",references/legal-status.md (Skill),,PENDING_AUTHORITY_RULE,Yair Costa (Revela),2026-09-24T00:20:00Z,2026-10-24
L19628-A32,Ley 19.628 art. 32,"Personal, régimen y fiscalización de la Agencia",agency_and_state,AUTHORITY_ONLY_MONITOR,MONITOREO,NO_APLICA_JUSTIFICADO,"Regula la Agencia, su consejo, su patrimonio o el Estado. No genera obligación para Revela; se monitorea porque define quién fiscaliza y desde cuándo.",references/legal-status.md (Skill),,PENDING_AUTHORITY_RULE,Yair Costa (Revela),2026-09-24T00:20:00Z,2026-10-24
L19628-A32BIS,Ley 19.628 art. 32 bis,Patrimonio de la Agencia,agency_and_state,AUTHORITY_ONLY_MONITOR,MONITOREO,NO_APLICA_JUSTIFICADO,"Regula la Agencia, su consejo, su patrimonio o el Estado. No genera obligación para Revela; se monitorea porque define quién fiscaliza y desde cuándo.",references/legal-status.md (Skill),,PENDING_AUTHORITY_RULE,Yair Costa (Revela),2026-09-24T00:20:00Z,2026-10-24
L19628-A33,Ley 19.628 art. 33,Régimen general de responsabilidad,controller,LIABILITY_MAP,APLICA_MONITOREO,DOCUMENTADO_SIN_IMPLEMENTAR,Mapa de responsabilidad e infracciones revisado para priorizar brechas. No se calculan sanciones ni se asumen montos.,docs/cumplimiento/revela-2026-09/hallazgos.md,"Sin decisión de la Agencia, toda estimación de multa sería especulación.",CONSERVATIVE_POLICY,Yair Costa (Revela),2026-09-24T00:20:00Z,2026-10-24
L19628-A34,Ley 19.628 art. 34,Clasificación general de infracciones,controller,LIABILITY_MAP,APLICA_MONITOREO,DOCUMENTADO_SIN_IMPLEMENTAR,Mapa de responsabilidad e infracciones revisado para priorizar brechas. No se calculan sanciones ni se asumen montos.,docs/cumplimiento/revela-2026-09/hallazgos.md,"Sin decisión de la Agencia, toda estimación de multa sería especulación.",CONSERVATIVE_POLICY,Yair Costa (Revela),2026-09-24T00:20:00Z,2026-10-24
L19628-A34BIS,Ley 19.628 art. 34 bis,Infracciones leves,controller,LIABILITY_MAP,APLICA_MONITOREO,DOCUMENTADO_SIN_IMPLEMENTAR,Mapa de responsabilidad e infracciones revisado para priorizar brechas. No se calculan sanciones ni se asumen montos.,docs/cumplimiento/revela-2026-09/hallazgos.md,"Sin decisión de la Agencia, toda estimación de multa sería especulación.",CONSERVATIVE_POLICY,Yair Costa (Revela),2026-09-24T00:20:00Z,2026-10-24
L19628-A34TER,Ley 19.628 art. 34 ter,Infracciones graves,controller,LIABILITY_MAP,APLICA_MONITOREO,DOCUMENTADO_SIN_IMPLEMENTAR,Mapa de responsabilidad e infracciones revisado para priorizar brechas. No se calculan sanciones ni se asumen montos.,docs/cumplimiento/revela-2026-09/hallazgos.md,"Sin decisión de la Agencia, toda estimación de multa sería especulación.",CONSERVATIVE_POLICY,Yair Costa (Revela),2026-09-24T00:20:00Z,2026-10-24
L19628-A34QUATER,Ley 19.628 art. 34 quáter,Infracciones gravísimas,controller,LIABILITY_MAP,APLICA_MONITOREO,DOCUMENTADO_SIN_IMPLEMENTAR,Mapa de responsabilidad e infracciones revisado para priorizar brechas. No se calculan sanciones ni se asumen montos.,docs/cumplimiento/revela-2026-09/hallazgos.md,"Sin decisión de la Agencia, toda estimación de multa sería especulación.",CONSERVATIVE_POLICY,Yair Costa (Revela),2026-09-24T00:20:00Z,2026-10-24
L19628-A35,Ley 19.628 art. 35,Sanciones y medidas de subsanación,controller_and_agency,LIABILITY_MAP,APLICA_MONITOREO,DOCUMENTADO_SIN_IMPLEMENTAR,Mapa de responsabilidad e infracciones revisado para priorizar brechas. No se calculan sanciones ni se asumen montos.,docs/cumplimiento/revela-2026-09/hallazgos.md,"Sin decisión de la Agencia, toda estimación de multa sería especulación.",CONSERVATIVE_POLICY,Yair Costa (Revela),2026-09-24T00:20:00Z,2026-10-24
L19628-A36,Ley 19.628 art. 36,Atenuantes y agravantes,controller_and_agency,GOOD_FAITH_EVIDENCE,APLICA,CODIGO_NO_DESPLEGADO,"Evidencia de diligencia disponible y consultable: el expediente completo se publica en un portal fiscalizador de solo lectura dentro del panel de administración, con matriz, hallazgos, limitaciones, manifiesto SHA-256 y registro de accesos. No expone datos personales ni datos de un CRM cliente.",src/components/ComplianceModule.tsx; scripts/generar-expediente.mjs; e2e: 'El portal fiscalizador no expone datos personales',No equivale a eximente; el registro de accesos vive en memoria hasta que exista base desplegada.,DERIVED_CONTROL,Yair Costa (Revela),2026-09-24T00:20:00Z,2026-10-24
L19628-A37,Ley 19.628 art. 37,Criterios para determinar multas,agency_and_controller_for_risk,LIABILITY_MAP,APLICA_MONITOREO,DOCUMENTADO_SIN_IMPLEMENTAR,Mapa de responsabilidad e infracciones revisado para priorizar brechas. No se calculan sanciones ni se asumen montos.,docs/cumplimiento/revela-2026-09/hallazgos.md,"Sin decisión de la Agencia, toda estimación de multa sería especulación.",CONSERVATIVE_POLICY,Yair Costa (Revela),2026-09-24T00:20:00Z,2026-10-24
L19628-A38,Ley 19.628 art. 38,Suspensión de operaciones de tratamiento,agency_and_controller,REGULATOR_WORKFLOW,APLICA_MONITOREO,NO_APLICA_JUSTIFICADO,Procedimientos ante la Agencia y registro nacional: aplican si existe reclamo o sanción. Se prepara la capacidad de responder con el expediente.,docs/cumplimiento/revela-2026-09/,,DERIVED_CONTROL,Yair Costa (Revela),2026-09-24T00:20:00Z,2026-10-24
L19628-A39,Ley 19.628 art. 39,Registro Nacional de Sanciones y Cumplimiento,agency_and_controller,REGULATORY_STATUS,APLICA_MONITOREO,NO_APLICA_JUSTIFICADO,Procedimientos ante la Agencia y registro nacional: aplican si existe reclamo o sanción. Se prepara la capacidad de responder con el expediente.,docs/cumplimiento/revela-2026-09/,,DERIVED_CONTROL,Yair Costa (Revela),2026-09-24T00:20:00Z,2026-10-24
L19628-A40,Ley 19.628 art. 40,Prescripción de infracciones y sanciones,controller_agency_courts,LEGAL_DEADLINE,APLICA_MONITOREO,NO_APLICA_JUSTIFICADO,"Plazos de prescripción y reclamo judicial: se monitorean, no generan control de ingeniería.",,,DERIVED_CONTROL,Yair Costa (Revela),2026-09-24T00:20:00Z,2026-10-24
L19628-A41,Ley 19.628 art. 41,Procedimiento de tutela de derechos ante la Agencia,controller_data_subject_agency,REGULATOR_WORKFLOW,APLICA_MONITOREO,NO_APLICA_JUSTIFICADO,Procedimientos ante la Agencia y registro nacional: aplican si existe reclamo o sanción. Se prepara la capacidad de responder con el expediente.,docs/cumplimiento/revela-2026-09/,,DERIVED_CONTROL,Yair Costa (Revela),2026-09-24T00:20:00Z,2026-10-24
L19628-A42,Ley 19.628 art. 42,Procedimiento administrativo sancionatorio,controller_and_agency,REGULATOR_WORKFLOW,APLICA_MONITOREO,NO_APLICA_JUSTIFICADO,Procedimientos ante la Agencia y registro nacional: aplican si existe reclamo o sanción. Se prepara la capacidad de responder con el expediente.,docs/cumplimiento/revela-2026-09/,,DERIVED_CONTROL,Yair Costa (Revela),2026-09-24T00:20:00Z,2026-10-24
L19628-A43,Ley 19.628 art. 43,Reclamo judicial de ilegalidad,controller_data_subject_court,LEGAL_PROCEDURE,APLICA_MONITOREO,NO_APLICA_JUSTIFICADO,"Plazos de prescripción y reclamo judicial: se monitorean, no generan control de ingeniería.",,,DERIVED_CONTROL,Yair Costa (Revela),2026-09-24T00:20:00Z,2026-10-24
L19628-A44,Ley 19.628 art. 44,Responsabilidad de órganos públicos,public_body_agency,PUBLIC_BODY_ONLY,NO_APLICA,NO_APLICA_JUSTIFICADO,Revela es una empresa privada; la disposición rige a órganos públicos u órganos constitucionales autónomos.,,"Si un organismo público contratara el CRM, el cliente asume estas obligaciones como responsable.",DERIVED_CONTROL,Yair Costa (Revela),2026-09-24T00:20:00Z,2026-10-24
L19628-A45,Ley 19.628 art. 45,Responsabilidad individual de funcionarios,public_body_officials,PUBLIC_BODY_ONLY,NO_APLICA,NO_APLICA_JUSTIFICADO,Revela es una empresa privada; la disposición rige a órganos públicos u órganos constitucionales autónomos.,,"Si un organismo público contratara el CRM, el cliente asume estas obligaciones como responsable.",DERIVED_CONTROL,Yair Costa (Revela),2026-09-24T00:20:00Z,2026-10-24
L19628-A46,Ley 19.628 art. 46,Reserva y confidencialidad de funcionarios,public_body_officials,PUBLIC_BODY_ONLY,NO_APLICA,NO_APLICA_JUSTIFICADO,Revela es una empresa privada; la disposición rige a órganos públicos u órganos constitucionales autónomos.,,"Si un organismo público contratara el CRM, el cliente asume estas obligaciones como responsable.",DERIVED_CONTROL,Yair Costa (Revela),2026-09-24T00:20:00Z,2026-10-24
L19628-A47,Ley 19.628 art. 47,Responsabilidad civil e indemnización,controller_data_subject_courts,LIABILITY_MAP,APLICA_MONITOREO,DOCUMENTADO_SIN_IMPLEMENTAR,Mapa de responsabilidad e infracciones revisado para priorizar brechas. No se calculan sanciones ni se asumen montos.,docs/cumplimiento/revela-2026-09/hallazgos.md,"Sin decisión de la Agencia, toda estimación de multa sería especulación.",CONSERVATIVE_POLICY,Yair Costa (Revela),2026-09-24T00:20:00Z,2026-10-24
L19628-A48,Ley 19.628 art. 48,Deber general de prevención de infracciones,all_controllers,PREVENTION_PROGRAM,APLICA,DOCUMENTADO_SIN_IMPLEMENTAR,"Deber general de prevención: existen controles técnicos y documentación, sin programa formal ni responsable designado.",docs/SEGURIDAD.md; docs/LEY_21719.md,Medio.,DERIVED_CONTROL,Yair Costa (Revela),2026-09-24T00:20:00Z,2026-10-24
L19628-A49,Ley 19.628 art. 49,Modelo voluntario de prevención y elementos mínimos,controller_adopting_mpi,MPI,NO_APLICA,NO_APLICA_JUSTIFICADO,El Modelo de Prevención de Infracciones es voluntario y Revela no lo ha adoptado al corte. El DS 662 (09-09-2026) regula su implementación y certificación.,,"Adoptarlo es una opción de mitigación, no una obligación.",DERIVED_CONTROL,Yair Costa (Revela),2026-09-24T00:20:00Z,2026-10-24
L19628-A50,Ley 19.628 art. 50,"Designación, autonomía, medios y funciones del delegado",controller_with_dpo,DPO_GOVERNANCE,APLICA,REQUIERE_CRITERIO_JURIDICO,"No hay delegado de protección de datos designado. Si se adopta MPI, la designación pasa a ser exigible según el artículo 49.",,Decidir antes del piloto con datos reales.,DERIVED_CONTROL,Yair Costa (Revela),2026-09-24T00:20:00Z,2026-10-24
L19628-A51,Ley 19.628 art. 51,"Certificación, registro, supervisión y reglamento del MPI",agency_and_controller_seeking_certification,CERTIFICATION_GATE,NO_APLICA,NO_APLICA_JUSTIFICADO,No se busca certificación del MPI al corte. Se monitorea el DS 662.,,,DERIVED_CONTROL,Yair Costa (Revela),2026-09-24T00:20:00Z,2026-10-24
L19628-A52,Ley 19.628 art. 52,Vigencia y término de certificados,agency_and_certified_controller,CERTIFICATION_GATE,NO_APLICA,NO_APLICA_JUSTIFICADO,No se busca certificación del MPI al corte. Se monitorea el DS 662.,,,DERIVED_CONTROL,Yair Costa (Revela),2026-09-24T00:20:00Z,2026-10-24
L19628-A53,Ley 19.628 art. 53,Revocación de certificación y deber de información,agency_and_certified_controller,CERTIFICATION_GATE,NO_APLICA,NO_APLICA_JUSTIFICADO,No se busca certificación del MPI al corte. Se monitorea el DS 662.,,,DERIVED_CONTROL,Yair Costa (Revela),2026-09-24T00:20:00Z,2026-10-24
L19628-A54,Ley 19.628 art. 54,Tratamiento por órganos constitucionales y especiales,listed_autonomous_body,SPECIAL_BODY_ONLY,NO_APLICA,NO_APLICA_JUSTIFICADO,Revela es una empresa privada; la disposición rige a órganos públicos u órganos constitucionales autónomos.,,"Si un organismo público contratara el CRM, el cliente asume estas obligaciones como responsable.",DERIVED_CONTROL,Yair Costa (Revela),2026-09-24T00:20:00Z,2026-10-24
L19628-A55,Ley 19.628 art. 55,Derechos y reclamaciones ante órganos constitucionales y especiales,listed_autonomous_body,SPECIAL_BODY_ONLY,NO_APLICA,NO_APLICA_JUSTIFICADO,Revela es una empresa privada; la disposición rige a órganos públicos u órganos constitucionales autónomos.,,"Si un organismo público contratara el CRM, el cliente asume estas obligaciones como responsable.",DERIVED_CONTROL,Yair Costa (Revela),2026-09-24T00:20:00Z,2026-10-24
L21719-A2,Ley 21.719 art. segundo,Modificación a la Ley 20.285,public_transparency_bodies,CROSS_LAW_MONITOR,NO_APLICA,NO_APLICA_JUSTIFICADO,"Modifica la Ley 20.285 de transparencia, aplicable a órganos públicos.",,,DERIVED_CONTROL,Yair Costa (Revela),2026-09-24T00:20:00Z,2026-10-24
L21719-A3,Ley 21.719 art. tercero,Modificación a la Ley 19.496,consumer_domain_controllers,CROSS_LAW_MONITOR,APLICA,REQUIERE_CRITERIO_JURIDICO,"Modifica la Ley 19.496 del consumidor. Revela vende a empresas (B2B), pero el alta y el pago se hacen a distancia, lo que puede gatillar reglas de contratación electrónica.",docs/PAGOS.md,Revisar junto con la Ley 19.799 al implementar el registro y la aceptación de términos.,DERIVED_CONTROL,Yair Costa (Revela),2026-09-24T00:20:00Z,2026-10-24
L21719-T1,Ley 21.719 transitorio art. primero,Entrada en vigencia general,all,EFFECTIVE_DATE_GATE,APLICA,DOCUMENTADO_SIN_IMPLEMENTAR,Vigencia general el 01-12-2026 (enacted_not_effective al corte). El Boletín 18.623-07 propone postergarla al 01-12-2027 y sigue en tramitación: no se activa.,docs/cumplimiento/revela-2026-09/legal-status.md,"La planificación asume 01-12-2026; si se publica la postergación, se recalcula el plan.",TEXTUAL_MANDATE,Yair Costa (Revela),2026-09-24T00:20:00Z,2026-10-24
L21719-T2,"Ley 21.719 transitorio art. segundo, modificado por Ley 21.755 art. 31","Plazos para dictar reglamentos, incluida la regla especial del reglamento del artículo 26 tras informe de la Agencia",executive,AUTHORITY_ONLY_MONITOR,MONITOREO,NO_APLICA_JUSTIFICADO,"Regula la Agencia, su consejo, su patrimonio o el Estado. No genera obligación para Revela; se monitorea porque define quién fiscaliza y desde cuándo.",references/legal-status.md (Skill),,PENDING_AUTHORITY_RULE,Yair Costa (Revela),2026-09-24T00:20:00Z,2026-10-24
L21719-T3,Ley 21.719 transitorio art. tercero,Eliminación del registro histórico de bancos de datos,civil_registry,AUTHORITY_ONLY_MONITOR,MONITOREO,NO_APLICA_JUSTIFICADO,"Regula la Agencia, su consejo, su patrimonio o el Estado. No genera obligación para Revela; se monitorea porque define quién fiscaliza y desde cuándo.",references/legal-status.md (Skill),,PENDING_AUTHORITY_RULE,Yair Costa (Revela),2026-09-24T00:20:00Z,2026-10-24
L21719-T4,"Ley 21.719 transitorio art. cuarto, modificado por Ley 21.806 art. 54","Primera designación, reglas de nombramiento y actuación previa a la vigencia, estatutos e inhabilidad especial del primer Consejo de la Agencia",state_and_agency,AUTHORITY_ONLY_MONITOR,MONITOREO,NO_APLICA_JUSTIFICADO,"Regula la Agencia, su consejo, su patrimonio o el Estado. No genera obligación para Revela; se monitorea porque define quién fiscaliza y desde cuándo.",references/legal-status.md (Skill),,PENDING_AUTHORITY_RULE,Yair Costa (Revela),2026-09-24T00:20:00Z,2026-10-24
L21719-T5,Ley 21.719 transitorio art. quinto,DPO público desde dotación vigente,public_body,PUBLIC_BODY_ONLY,NO_APLICA,NO_APLICA_JUSTIFICADO,Revela es una empresa privada; la disposición rige a órganos públicos u órganos constitucionales autónomos.,,"Si un organismo público contratara el CRM, el cliente asume estas obligaciones como responsable.",DERIVED_CONTROL,Yair Costa (Revela),2026-09-24T00:20:00Z,2026-10-24
L21719-T6,Ley 21.719 transitorio art. sexto,Amonestación posible para empresas de menor tamaño durante primeros doce meses,small_enterprise_and_agency,TRANSITIONAL_RULE,APLICA,REQUIERE_CRITERIO_JURIDICO,"Regla transitoria de amonestación para empresas de menor tamaño durante los primeros doce meses. Revela podría calificar, pero el Boletín 18.623-07 propone suprimirla.",,No usar como excusa para postergar la remediación.,PENDING_AUTHORITY_RULE,Yair Costa (Revela),2026-09-24T00:20:00Z,2026-10-24
L21719-T7,Ley 21.719 transitorio art. séptimo,Plazo para políticas de órganos del artículo 54,listed_autonomous_body,SPECIAL_BODY_ONLY,NO_APLICA,NO_APLICA_JUSTIFICADO,Revela es una empresa privada; la disposición rige a órganos públicos u órganos constitucionales autónomos.,,"Si un organismo público contratara el CRM, el cliente asume estas obligaciones como responsable.",DERIVED_CONTROL,Yair Costa (Revela),2026-09-24T00:20:00Z,2026-10-24
L21719-T8,Ley 21.719 transitorio art. octavo,Financiamiento fiscal,state,AUTHORITY_ONLY_MONITOR,MONITOREO,NO_APLICA_JUSTIFICADO,"Regula la Agencia, su consejo, su patrimonio o el Estado. No genera obligación para Revela; se monitorea porque define quién fiscaliza y desde cuándo.",references/legal-status.md (Skill),,PENDING_AUTHORITY_RULE,Yair Costa (Revela),2026-09-24T00:20:00Z,2026-10-24
